,link,source,date,title,subtitle,author,rubrics,tags
0,nplus1.ru/material/2015/04/10/waranimals,nplus1.ru,2015-04-10,"Вы звери, господа",,Александр Ершов,_Наука_Археология_,
0,nplus1.ru/material/2015/04/11/greencloud,nplus1.ru,2015-04-11,Зеленые рукава галактик,,Владимир Королев,_Космос_,
0,nplus1.ru/material/2015/04/11/seasontwo,nplus1.ru,2015-04-11,Коллайдер: Перезагрузка,,Александр Ершов,_Наука_Второй сезон Коллайдера_,
0,nplus1.ru/material/2015/04/15/just-read-the-instructions,nplus1.ru,2015-04-15,Посадка Falcon 9 на платформу,,Николай Воронцов,_Космос_Мезонин_,
0,nplus1.ru/material/2015/04/15/nasa-vehicle,nplus1.ru,2015-04-15,Автомобиль нового поколения по версии NASA,,Николай Воронцов,_Блоги_Мезонин_,
0,nplus1.ru/material/2015/04/15/uniquegallery,nplus1.ru,2015-04-15,Облачный атлас,,Аня Савченко,_Наука_И о погоде_,
0,nplus1.ru/material/2015/04/16/actinides,nplus1.ru,2015-04-16,Элемент неожиданности,,Владимир Королев,_Наука_Разное_,
0,nplus1.ru/material/2015/04/16/moon-maps,nplus1.ru,2015-04-16,Лунные карты,,Николай Воронцов,_Блоги_Мезонин_,
0,nplus1.ru/material/2015/04/17/gallery,nplus1.ru,2015-04-17,«Нужно больше минералов!»,,Аня Савченко,_Наука_Разное_,
0,nplus1.ru/material/2015/04/20/celldivision,nplus1.ru,2015-04-20,Делим на два,,Аня Савченко,_Наука_,
0,nplus1.ru/material/2015/04/20/x47b-to-mothball,nplus1.ru,2015-04-20,Свое отработал,,Василий Сычев,_Оружие_Технологии_Разное_,
0,nplus1.ru/material/2015/04/21/3d-print,nplus1.ru,2015-04-21,Приказано распечатать,,Василий Сычев,_Оружие_Разное_,
0,nplus1.ru/material/2015/04/21/dirigibles,nplus1.ru,2015-04-21,Легки на подъем,,Тарас Молотилин,_Наука_Разное_,
0,nplus1.ru/material/2015/04/23/calbucovolcano,nplus1.ru,2015-04-23,Извержение Кальбуко,,Аня Савченко,_Наука_Геология_,
0,nplus1.ru/material/2015/04/23/hubble25images,nplus1.ru,2015-04-23,«Просто космос!»,,Аня Савченко,_Космос_,
0,nplus1.ru/material/2015/04/24/hubble25history,nplus1.ru,2015-04-24,Отработал на 52,,Аня Савченко,_Космос_Технологии_Разное_,
0,nplus1.ru/material/2015/04/27/rubik-record,nplus1.ru,2015-04-27,Новый мировой рекорд сборки кубика Рубика,,Николай Воронцов,_Блоги_Мезонин_,
0,nplus1.ru/material/2015/04/28/friday-robots-2,nplus1.ru,2015-04-28,"Роботы, окружающий мир и снова роботы - 2",,Николай Воронцов,_Технологии_Мезонин_,
0,nplus1.ru/material/2015/04/28/lasers,nplus1.ru,2015-04-28,Транклюкатор для эцилоппа,,Василий Сычев,_Оружие_Технологии_Разное_,
0,nplus1.ru/material/2015/04/28/stalker-animals,nplus1.ru,2015-04-28,Жизнь в мертвой зоне,,Таисия Филиппова,_Наука_Разное_,
0,nplus1.ru/material/2015/04/29/aluminum-watermelon,nplus1.ru,2015-04-29,Расплавленный алюминий залили в арбуз,,Николай Воронцов,_Блоги_Мезонин_,
0,nplus1.ru/material/2015/04/30/messenger,nplus1.ru,2015-04-30,«Похороните меня за кратером»,,Аня Савченко,_Космос_,
0,nplus1.ru/material/2015/04/30/pillars-of-render,nplus1.ru,2015-04-30,Четвертая колонна,,Николай Воронцов,_Блоги_Мезонин_,
0,nplus1.ru/material/2015/05/01/antarcticmountains,nplus1.ru,2015-05-01,Хребты безумия,,Аня Савченко,_Наука_Разное_,
0,nplus1.ru/material/2015/05/01/friday-robots-3,nplus1.ru,2015-05-01,"Роботы, окружающий мир и снова роботы - 3",,Николай Воронцов,_Блоги_Мезонин_,
0,nplus1.ru/material/2015/05/05/nikon-small-world-2014,nplus1.ru,2015-05-05,Оно живое и движется,,Таисия Филиппова,_Наука_,
0,nplus1.ru/material/2015/05/06/blackbook,nplus1.ru,2015-05-06,Сквозь тусклое стекло,,Александр Ершов,_Наука_Языкознание_,
0,nplus1.ru/material/2015/05/06/vsekakuzverei,nplus1.ru,2015-05-06,Скрипки и немножко нервно,,Евгения Тимонова,_Блоги_Все как у зверей_,
0,nplus1.ru/material/2015/05/07/gif,nplus1.ru,2015-05-07,Короткий метр,,Аня Савченко,_Технологии_,
0,nplus1.ru/material/2015/05/08/villademisteri,nplus1.ru,2015-05-08,Компресс для Диониса,,Александр Ершов,_Наука_,
0,nplus1.ru/material/2015/05/12/so-awesome,nplus1.ru,2015-05-12,Полеты на реактивных ранцах над Дубаем,,Николай Воронцов,_Технологии_Мезонин_,
0,nplus1.ru/material/2015/05/13/embryophoto,nplus1.ru,2015-05-13,Зарождение жизни,,Аня Савченко,_Наука_,
0,nplus1.ru/material/2015/05/15/codpiece,nplus1.ru,2015-05-15,Гульфик: история взлета и падения,,Александр Ершов,_Наука_,
0,nplus1.ru/material/2015/05/15/friday-robots-4,nplus1.ru,2015-05-15,"Роботы, окружающий мир и снова роботы - 4",,Николай Воронцов,_Блоги_Мезонин_,
0,nplus1.ru/material/2015/05/16/red-sky-dead-land,nplus1.ru,2015-05-16,Прекрасные рекламные плакаты о путешествии на Марс от SpaceX,,Николай Воронцов,_Блоги_Мезонин_,
0,nplus1.ru/material/2015/05/19/aircraft-carrier,nplus1.ru,2015-05-19,Адмирал Шторм,,Василий Сычев,_Оружие_Технологии_Разное_,
0,nplus1.ru/material/2015/05/20/animatus,nplus1.ru,2015-05-20,Felis Catus Animatus,,Таисия Филиппова,_Наука_Политех_,
0,nplus1.ru/material/2015/05/21/massacre-of-the-innocents-works,nplus1.ru,2015-05-21,Библейскую историю оживили на 3D-принтере,,Николай Воронцов,_Блоги_3D-печать_,
0,nplus1.ru/material/2015/05/22/Solar-sail,nplus1.ru,2015-05-22,На всех парусах,,Владимир Королев,_Космос_Технологии_LightSail: Космический парусник_,
0,nplus1.ru/material/2015/05/25/nash,nplus1.ru,2015-05-25,Равновесие и вложение,,Андрей Коняев,_Наука_,
0,nplus1.ru/material/2015/05/26/dementia-praecox,nplus1.ru,2015-05-26,Расщепление расщепления,,Даниил Кузнецов,_Наука_Наука_,
0,nplus1.ru/material/2015/05/27/emp-weapon,nplus1.ru,2015-05-27,"Приходя, гасите свет",,Василий Сычев,_Оружие_Технологии_,
0,nplus1.ru/material/2015/05/29/reareevents,nplus1.ru,2015-05-29,Раритеты микромира,,Александр Ершов,_Наука_Второй сезон Коллайдера_,
0,nplus1.ru/material/2015/06/01/lidar-as-art,nplus1.ru,2015-06-01,Точки в пространстве,,Таисия Филиппова,_Оружие_Технологии_,
0,nplus1.ru/material/2015/06/05/ecloga,nplus1.ru,2015-06-05,Эклога летняя,,Аня Савченко,_Наука_,
0,nplus1.ru/material/2015/06/06/bjork-360,nplus1.ru,2015-06-06,Бьорк сняла в Исландии панорамный музыкальный клип,,Николай Воронцов,_Блоги_Мезонин_,
0,nplus1.ru/material/2015/06/08/darpa-robotics-challenge,nplus1.ru,2015-06-08,Людям здесь не место,,Василий Сычев,_Технологии_Оружие_,
0,nplus1.ru/material/2015/06/10/rarephysicsparttwo,nplus1.ru,2015-06-10,Раритеты микромира: Возвращение неуловимых,,Александр Ершов,_Наука_,
0,nplus1.ru/material/2015/06/15/67P-churyumov-gerasimenko,nplus1.ru,2015-06-15,"Комета, которую мы догнали",,Таисия Филиппова,_Космос_«Филы» и «Розетта»_,
0,nplus1.ru/material/2015/06/16/19-century-electric,nplus1.ru,2015-06-16,Предметный обзор,,Таисия Филиппова,_Наука_,
0,nplus1.ru/material/2015/06/17/942,nplus1.ru,2015-06-17,Горе от ума,,Таисия Филиппова,_Наука_,
0,nplus1.ru/material/2015/06/17/dont-miss-pluto-flyby,nplus1.ru,2015-06-17,NSS опубликовало трейлер пролета «New Horizons» мимо Плутона,,Владимир Королев,_Блоги_New Horizons_,
0,nplus1.ru/material/2015/06/18/drones-are-awesome,nplus1.ru,2015-06-18,Десять дронов из десяти,,Николай Воронцов,_Реклама_Роботы и дроны_,
0,nplus1.ru/material/2015/06/18/sputniki-saturna,nplus1.ru,2015-06-18,Семеро серых,,Таисия Филиппова,_Космос_,
0,nplus1.ru/material/2015/06/19/traininventions,nplus1.ru,2015-06-19,Ту-ту!,,Аня Савченко,_Наука_,
0,nplus1.ru/material/2015/06/22/aurora,nplus1.ru,2015-06-22,Borealis и Australis,,Таисия Филиппова,_Космос_,
0,nplus1.ru/material/2015/06/23/gtaceptado,nplus1.ru,2015-06-23,"Лавировали-лавировали, да и вылавировали",,Александр Березин,_Наука_Астрономические дневники_,
0,nplus1.ru/material/2015/06/24/helicopters,nplus1.ru,2015-06-24,Винтокрылые лошадки,,Василий Сычев,_Оружие_,
0,nplus1.ru/material/2015/06/25/codename-colossus,nplus1.ru,2015-06-25,"Гексапод, 3D-печать и военная техника с ароматом стимпанка",,Николай Воронцов,_Блоги_Сделай сам_,
0,nplus1.ru/material/2015/06/25/tvorogov,nplus1.ru,2015-06-25,Про Слово,,Андрей Коняев,_,
0,nplus1.ru/material/2015/06/27/polyhedron,nplus1.ru,2015-06-27,Доступ к телу,,Аня Савченко,_Наука_,
0,nplus1.ru/material/2015/06/30/google-earth,nplus1.ru,2015-06-30,"Окей Гугл, покажи Землю",,Таисия Филиппова,_Технологии_,
0,nplus1.ru/material/2015/07/17/mold,nplus1.ru,2015-07-17,Гнилая эстетика,,Аня Савченко,_Наука_Разное_,
0,nplus1.ru/material/2015/07/01/haeckel-rules,nplus1.ru,2015-07-01,Орднунг и симметрия,,Таисия Филиппова,_Наука_,
0,nplus1.ru/material/2015/07/02/helicopters2,nplus1.ru,2015-07-02,"Винт, крыло и немного магии",,Аня Савченко,_Оружие_,
0,nplus1.ru/material/2015/07/04/nuclear-world,nplus1.ru,2015-07-04,Патент на Армагеддон,,Таисия Филиппова,_Оружие_,
0,nplus1.ru/material/2015/07/07/warrior-robots,nplus1.ru,2015-07-07,Железная поступь прогресса,,Таисия Филиппова,_Оружие_Технологии_,
0,nplus1.ru/material/2015/07/08/aggressors,nplus1.ru,2015-07-08,Искусство подражания,,Таисия Филиппова,_Оружие_,
0,nplus1.ru/material/2015/07/09/kamikadzewind,nplus1.ru,2015-07-09,Как ветром сдуло,,Александр Ершов,_Наука_,
0,nplus1.ru/material/2015/07/13/tediously-accurate,nplus1.ru,2015-07-13,Утомительно точная карта Солнечной системы,,Николай Воронцов,_Блоги_Космос_Астрономические дневники_,
0,nplus1.ru/material/2015/07/13/use,nplus1.ru,2015-07-13,Аж глаза на лоб,,Таисия Филиппова,_Технологии_,
0,nplus1.ru/material/2015/07/14/pluto,nplus1.ru,2015-07-14,Из глубин,,Александр Ершов,_Космос_Наука_,
0,nplus1.ru/material/2015/07/15/f-35-dogfight,nplus1.ru,2015-07-15,Сбил тебя наш летчик Ли Си Цын,,Василий Сычев,_Оружие_,
0,nplus1.ru/material/2015/07/16/noway,nplus1.ru,2015-07-16,Техника на границе фантастики,,Александр Ершов,_Технологии_,
0,nplus1.ru/material/2015/07/18/welovepluto,nplus1.ru,2015-07-18,"Плуто, ко мне",,Таисия Филиппова,_Космос_Наука_New Horizons_,
0,nplus1.ru/material/2015/07/21/smartspiders,nplus1.ru,2015-07-21,Кто дергает за ниточки,,Александр Ершов,_Наука_,
0,nplus1.ru/material/2015/07/23/carnivorous-plants,nplus1.ru,2015-07-23,Парадокс вегана,,Аня Савченко,_Наука_Разное_,
0,nplus1.ru/material/2015/07/24/migrator-guide-to-the-galaxy,nplus1.ru,2015-07-24,Краткий путеводитель по галактике,,Владимир Королев,_Космос_Астрономические дневники_,
0,nplus1.ru/material/2015/07/27/birchbark,nplus1.ru,2015-07-27,"«Ни мне рубля, ни мне протора»",,Александр Ершов,_Наука_,
0,nplus1.ru/material/2015/07/28/KITT,nplus1.ru,2015-07-28,Knight Industries 2000,,Николай Воронцов,_Блоги_Транспорт_Сделай сам_,
0,nplus1.ru/material/2015/07/28/phillippe,nplus1.ru,2015-07-28,Любовь к отеческим гробам,,Александр Ершов,_Наука_,
0,nplus1.ru/material/2015/07/29/errors,nplus1.ru,2015-07-29,#titanic {float: none;},,Александр Ершов,_Технологии_Оружие_,
0,nplus1.ru/material/2015/07/30/polygon-dissection,nplus1.ru,2015-07-30,Угол-шоу,,Аня Савченко,_Наука_,
0,nplus1.ru/material/2015/07/31/gearbox,nplus1.ru,2015-07-31,Кто в масле катается,,Василий Сычев,_Технологии_,
0,nplus1.ru/material/2015/08/03/hitchbot-life,nplus1.ru,2015-08-03,"Стоп, машина!",,Таисия Филиппова,_Технологии_Роботы и дроны_,
0,nplus1.ru/material/2015/08/03/sentinel-2a,nplus1.ru,2015-08-03,Мир как сад,,Владимир Королев,_Наука_Космос_,
0,nplus1.ru/material/2015/08/05/curiosity-diary,nplus1.ru,2015-08-05,«Очень дорогой дневник»,,Таисия Филиппова,_Космос_Астрономические дневники_,
0,nplus1.ru/material/2015/08/06/bombings,nplus1.ru,2015-08-06,Тени на стене,,Василий Сычев,_Оружие_,
0,nplus1.ru/material/2015/08/07/frogs,nplus1.ru,2015-08-07,"Смотреть можно, трогать — нельзя",,Александр Ершов,_Наука_,
0,nplus1.ru/material/2015/08/11/black-holes-higgs,nplus1.ru,2015-08-11,Из пустого в порожнее,,Владимир Королев,_Наука_Космос_Физики смогли_,
0,nplus1.ru/material/2015/08/12/perseids-2015,nplus1.ru,2015-08-12,Летел и таял,,Аня Савченко,_Космос_Разное_,
0,nplus1.ru/material/2015/08/14/iceland-vikings,nplus1.ru,2015-08-14,А мы уйдем на север,,Екатерина Русакова,_Наука_,
0,nplus1.ru/material/2015/08/17/galaxy-mergers,nplus1.ru,2015-08-17,Космическое сумо,,Владимир Королев,_Космос_Астрономические дневники_,
0,nplus1.ru/material/2015/08/18/living-with-goats,nplus1.ru,2015-08-18,Козлик по имени Томас,,Николай Воронцов,_Гаджеты_,
0,nplus1.ru/material/2015/08/20/subs,nplus1.ru,2015-08-20,Глубокая лодка,,Таисия Филиппова,_Технологии_,
0,nplus1.ru/material/2015/08/21/angles-and-corners,nplus1.ru,2015-08-21,Пять углов,,Андрей Коняев,_Математика_,
0,nplus1.ru/material/2015/08/24/migmig,nplus1.ru,2015-08-24,В краю огурцов и самолетов,,Александр Ершов,_Оружие_Технологии_,
0,nplus1.ru/material/2015/08/26/mig144,nplus1.ru,2015-08-26,«Утка»-1.44,,Василий Сычев,_Оружие_,
0,nplus1.ru/material/2015/08/27/antimatter,nplus1.ru,2015-08-27,С точностью до наоборот,,Александр Ершов,_Наука_,
0,nplus1.ru/material/2015/08/29/plague,nplus1.ru,2015-08-29,Просто чума,,Екатерина Русакова,_Наука_,
0,nplus1.ru/material/2015/08/31/palati,nplus1.ru,2015-08-31,Дворцовый поворот,,Александр Ершов,_Наука_Археология_,
0,nplus1.ru/material/2015/09/14/astrophoto,nplus1.ru,2015-09-14,Время для звезд,,Таисия Филиппова,_Космос_Астрофотография_,
0,nplus1.ru/material/2015/09/01/private-nuclear-fusion,nplus1.ru,2015-09-01,Это будет бомба,,Владимир Королев,_Наука_Физики смогли_,
0,nplus1.ru/material/2015/09/01/rover-at-home,nplus1.ru,2015-09-01,Марсоход в домашних условиях,,Андрей Коняев,_Технологии_Сделай сам_,
0,nplus1.ru/material/2015/09/04/grotefend,nplus1.ru,2015-09-04,"Цари, царям, царями, о царях",,Александр Ершов,_Наука_,
0,nplus1.ru/material/2015/09/05/idoldating,nplus1.ru,2015-09-05,Древнее пирамид,,Александр Ершов,_Наука_Археология_,
0,nplus1.ru/material/2015/09/08/psycrisis,nplus1.ru,2015-09-08,Не повторяется такое иногда,,Даниил Кузнецов,_Наука_,
0,nplus1.ru/material/2015/09/09/hawking-and-the-paradox,nplus1.ru,2015-09-09,«Никакого парадокса нет»,,Владимир Королев,_Наука_Космос_Физики смогли_,
0,nplus1.ru/material/2015/09/10/knots-and-ropes,nplus1.ru,2015-09-10,Нас всех повяжут,,Николай Воронцов,_Наука_,
0,nplus1.ru/material/2015/09/12/ww2-gremlins,nplus1.ru,2015-09-12,Гремлины его Величества,,Таисия Филиппова,_Оружие_,
0,nplus1.ru/material/2015/09/15/terraforming,nplus1.ru,2015-09-15,Будут яблони цвести?,,Владимир Королев,_Космос_Технологии_Астрономические дневники_,
0,nplus1.ru/material/2015/09/17/seq,nplus1.ru,2015-09-17,Секвенируй это,,Александр Ершов,_Наука_Биология_,
0,nplus1.ru/material/2015/09/18/ig-nobel-outsiders,nplus1.ru,2015-09-18,Остались с носом,,Тарас Молотилин,_Наука_,
0,nplus1.ru/material/2015/09/18/squarewheelbike,nplus1.ru,2015-09-18,Изобретаем велосипед,,Андрей Коняев,_Наука_Сделай сам_,
0,nplus1.ru/material/2015/09/21/primatespeech,nplus1.ru,2015-09-21,Скажи по-человечески,,Александр Ершов,_Наука_,
0,nplus1.ru/material/2015/09/23/astrophoto2,nplus1.ru,2015-09-23,Звезды как пыль,,Владимир Королев,_Космос_Астрофотография_,
0,nplus1.ru/material/2015/09/25/moscow-street,nplus1.ru,2015-09-25,По широкой мостовой,,Андрей Коняев,_Наука_,
0,nplus1.ru/material/2015/09/28/bloodmoon2015,nplus1.ru,2015-09-28,Луна всему виной,,Владимир Королев,_Космос_Астрономические дневники_,
0,nplus1.ru/material/2015/09/28/square-wheel,nplus1.ru,2015-09-28,Стучит углами колесо,,Андрей Коняев,_Наука_Сделай сам_,
0,nplus1.ru/material/2015/09/30/ancestry,nplus1.ru,2015-09-30,В поисках предка,,Александр Ершов,_Наука_Биология_,
0,nplus1.ru/material/2015/10/15/particle-deviations,nplus1.ru,2015-10-15,Разрешите отклониться,,Таисия Филиппова,_Наука_Второй сезон Коллайдера_,
0,nplus1.ru/material/2015/10/01/sergey-rakhmaninov,nplus1.ru,2015-10-01,Художник эпохи модерна,,Таисия Филиппова,_Наука_Звук_,
0,nplus1.ru/material/2015/10/02/live,nplus1.ru,2015-10-02,Живым закопаем,,Андрей Коняев,_Сделай сам_,
0,nplus1.ru/material/2015/10/02/medieval-alchemists,nplus1.ru,2015-10-02,Нахимичили,,Екатерина Русакова,_Наука_,
0,nplus1.ru/material/2015/10/03/astrophoto-3,nplus1.ru,2015-10-03,Создатель звезд,,Таисия Филиппова,_Космос_Астрофотография_,
0,nplus1.ru/material/2015/10/05/nobel,nplus1.ru,2015-10-05,Борцы с паразитами,,Даниил Кузнецов,_Наука_Наука_,
0,nplus1.ru/material/2015/10/06/nobel,nplus1.ru,2015-10-06,Н значит нейтрино,,Таисия Филиппова,_Наука_Физики смогли_,
0,nplus1.ru/material/2015/10/07/dna-nobel,nplus1.ru,2015-10-07,Errare DNA est,,Владимир Королев,_Наука_,
0,nplus1.ru/material/2015/10/08/nobel,nplus1.ru,2015-10-08,Гуманистическое измерение реальности,,Таисия Филиппова,_Наука_,
0,nplus1.ru/material/2015/10/09/chess,nplus1.ru,2015-10-09,Морж и Маргарита,,Таисия Филиппова,_Наука_,
0,nplus1.ru/material/2015/10/13/omega-3,nplus1.ru,2015-10-13,Я ем альфа и омега,,Таисия Филиппова,_Наука_,
0,nplus1.ru/material/2015/10/14/starsarticle,nplus1.ru,2015-10-14,Как стать звездой,,Марат Мусин,_Наука_,
0,nplus1.ru/material/2015/10/16/enceladus-new-photos,nplus1.ru,2015-10-16,Дрожь Энцелада,,Таисия Филиппова,_Космос_,
0,nplus1.ru/material/2015/10/19/alive-and-digging,nplus1.ru,2015-10-19,«Берем живого крота...»,,Андрей Коняев,_Сделай сам_,
0,nplus1.ru/material/2015/10/20/ejection,nplus1.ru,2015-10-20,"Ну, я полетел",,Василий Сычев,_Оружие_,
0,nplus1.ru/material/2015/10/21/sonata,nplus1.ru,2015-10-21,Metallica ma non troppo,,Таисия Филиппова,_Наука_,
0,nplus1.ru/material/2015/10/23/atlastest,nplus1.ru,2015-10-23,Раз плюнуть,,Александр Ершов,_Наука_Биология_,
0,nplus1.ru/material/2015/10/26/zeiss-microscopy,nplus1.ru,2015-10-26,С точки зрения пыли,,Таисия Филиппова,_Наука_,
0,nplus1.ru/material/2015/10/27/muons,nplus1.ru,2015-10-27,Упавшие с неба,,Таисия Филиппова,_Наука_,
0,nplus1.ru/material/2015/10/28/genmed,nplus1.ru,2015-10-28,Игра в ассоциации,,Александр Ершов,_Наука_Биология_,
0,nplus1.ru/material/2015/10/28/walking-chair,nplus1.ru,2015-10-28,Кресло на ножках,,Андрей Коняев,_Сделай сам_,
0,nplus1.ru/material/2015/10/29/matt-taylor,nplus1.ru,2015-10-29,«Там очень светло»,,Андрей Коняев,_Наука_Космос_Политех_,
0,nplus1.ru/material/2015/10/30/polymath,nplus1.ru,2015-10-30,"Все, расходимся",,Андрей Коняев,_Наука_,
0,nplus1.ru/material/2015/11/18/best-book,nplus1.ru,2015-11-18,Останется только один,,Андрей Коняев,_Просветитель 2015_,
0,nplus1.ru/material/2015/11/02/time-to-go,nplus1.ru,2015-11-02,Воин с грифоном и бусами,,Андрей Коняев,_Наука_,
0,nplus1.ru/material/2015/11/03/MillionDollarBaby,nplus1.ru,2015-11-03,Малышка хамелеон,,Александр Ершов,_Наука_,
0,nplus1.ru/material/2015/11/06/twin-numbers,nplus1.ru,2015-11-06,"Братишка, ты цел?",,Таисия Филиппова,_Наука_,
0,nplus1.ru/material/2015/11/10/biotrends,nplus1.ru,2015-11-10,Три тренда этой осени,,Александр Ершов,_Наука_,
0,nplus1.ru/material/2015/11/11/wintersong,nplus1.ru,2015-11-11,Зима близко,,Александр Ершов,_Наука_Звук_,
0,nplus1.ru/material/2015/11/16/astrophoto,nplus1.ru,2015-11-16,Звездный вестник,,Таисия Филиппова,_Космос_,
0,nplus1.ru/material/2015/11/17/agol-math,nplus1.ru,2015-11-17,"Внутренности. Возможно, с краем.",,Андрей Коняев,_Наука_,
0,nplus1.ru/material/2015/11/19/chairs,nplus1.ru,2015-11-19,Кресла возвращаются,,Андрей Коняев,_Сделай сам_,
0,nplus1.ru/material/2015/11/19/metahistory-2,nplus1.ru,2015-11-19,История истории: рождение «духовной скрепы»,,Таисия Филиппова,_Наука_История истории_,
0,nplus1.ru/material/2015/11/19/rulermaker,nplus1.ru,2015-11-19,Принеси мне линейку и циркуль,,Таисия Филиппова,_Сделай сам_,
0,nplus1.ru/material/2015/11/20/copters,nplus1.ru,2015-11-20,Анатомия коптера,,Александр Ершов,_Гаджеты_Московский Политех_,
0,nplus1.ru/material/2015/11/20/vermeer,nplus1.ru,2015-11-20,"Где эта улица, где этот дом",,Александр Ершов,_Наука_,
0,nplus1.ru/material/2015/11/23/sputnik,nplus1.ru,2015-11-23,Космос в пробирке,,Александр Ершов,_Технологии_Космос_Московский Политех_,
0,nplus1.ru/material/2015/11/25/antibiotics,nplus1.ru,2015-11-25,Конец прекрасной эпохи,,Таисия Филиппова,_Наука_,
0,nplus1.ru/material/2015/11/25/gencosult,nplus1.ru,2015-11-25,Врач на проводе,,Александр Ершов,_Наука_Биология_,
0,nplus1.ru/material/2015/11/25/Theory-of-relativity,nplus1.ru,2015-11-25,«Это только теория»,,Екатерина Козлякова,_Наука_Космос_Физики смогли_,
0,nplus1.ru/material/2015/11/26/metahistory-3,nplus1.ru,2015-11-26,История истории: Михаил Щербатов,,Таисия Филиппова,_Наука_История истории_,
0,nplus1.ru/material/2015/11/28/blue-mars,nplus1.ru,2015-11-28,Голубой Марс,,Таисия Филиппова,_Космос_Астрономические дневники_,
0,nplus1.ru/material/2015/11/30/moon-maps,nplus1.ru,2015-11-30,От Галилея до Гугла,,Таисия Филиппова,_Космос_День в истории науки_,
0,nplus1.ru/material/2015/12/16/el-seven,nplus1.ru,2015-12-16,Кривизна нам не помеха,,Андрей Коняев,_Технологии_Сделай сам_,
0,nplus1.ru/material/2015/12/01/nineulirgs,nplus1.ru,2015-12-01,Теплые огни,,Марат Мусин,_Космос_Астрономические дневники_,
0,nplus1.ru/material/2015/12/02/sixth,nplus1.ru,2015-12-02,Трансформеры: эра покупок,,Андрей Коняев,_Сделай сам_,
0,nplus1.ru/material/2015/12/03/cooperation,nplus1.ru,2015-12-03,КООП. Природа,,Екатерина Русакова,_Наука_,
0,nplus1.ru/material/2015/12/03/slovoopolku,nplus1.ru,2015-12-03,История истории: Слово за слово,,Александр Ершов,_Наука_История истории_,
0,nplus1.ru/material/2015/12/04/miogioachino,nplus1.ru,2015-12-04,Слава Россини!,,Александр Ершов,_Наука_Звук_,
0,nplus1.ru/material/2015/12/07/pluto-comes-closer,nplus1.ru,2015-12-07,Горизонты Плутона,,Таисия Филиппова,_Космос_New Horizons_,
0,nplus1.ru/material/2015/12/08/mult-history,nplus1.ru,2015-12-08,Обман зрения,,Аня Савченко,_Наука_Разное_,
0,nplus1.ru/material/2015/12/10/nikon-in-motion-2015,nplus1.ru,2015-12-10,Вся суета микромира,,Таисия Филиппова,_Наука_Разное_,
0,nplus1.ru/material/2015/12/11/karamzin,nplus1.ru,2015-12-11,История истории: Палладиум России,,Александр Ершов,_Наука_История истории_,
0,nplus1.ru/material/2015/12/14/help-cinderella,nplus1.ru,2015-12-14,В помощь Золушке,,Андрей Коняев,_Сделай сам_,
0,nplus1.ru/material/2015/12/15/D-wave,nplus1.ru,2015-12-15,«Взять и потрясти»,,Владимир Королев,_Наука_Технологии_Физики смогли_,
0,nplus1.ru/material/2015/12/18/planckclusters,nplus1.ru,2015-12-18,"Давным-давно, в далекой-далекой галактике",,Марат Мусин,_Космос_Наука_Астрономические дневники_,
0,nplus1.ru/material/2015/12/21/beijing-smog,nplus1.ru,2015-12-21,Красное на сером,,Таисия Филиппова,_Транспорт_Технологии_,
0,nplus1.ru/material/2015/12/22/his-name-is-che,nplus1.ru,2015-12-22,Оптимус Чемодан,,Андрей Коняев,_Сделай сам_,
0,nplus1.ru/material/2015/12/23/energy-counting,nplus1.ru,2015-12-23,Вешать в калориях,,Таисия Филиппова,_Наука_,
0,nplus1.ru/material/2015/12/25/soloviov,nplus1.ru,2015-12-25,История истории: Сергей Соловьев,,Александр Ершов,_Наука_История истории_,
0,nplus1.ru/material/2015/12/28/multiuniverse,nplus1.ru,2015-12-28,Инфляция космических масштабов,,Марат Мусин,_Наука_Космос_Астрономические дневники_,
0,nplus1.ru/material/2015/12/28/time-to-move,nplus1.ru,2015-12-28,Операция Е,,Андрей Коняев,_Сделай сам_,
0,nplus1.ru/material/2015/12/30/cindyz,nplus1.ru,2015-12-30,В гостях у сказки,,Андрей Коняев,_Сделай сам_,
0,nplus1.ru/material/2015/12/31/tree-time,nplus1.ru,2015-12-31,"Елочка, гори",,Андрей Коняев,_Сделай сам_,
0,nplus1.ru/material/2016/01/12/klutchevsky,nplus1.ru,2016-01-12,История истории: Ключевский,,Александр Ершов,_Наука_История истории_,
0,nplus1.ru/material/2016/01/15/Merry-drunkenness,nplus1.ru,2016-01-15,"Нинкаси, Хатхор и Четыреста кроликов",,Екатерина Русакова,_Наука_,
0,nplus1.ru/material/2016/01/18/emily-barletta,nplus1.ru,2016-01-18,В мягкой форме,,Таисия Филиппова,_Наука_Мезонин_,
0,nplus1.ru/material/2016/01/18/space-x-and-suff,nplus1.ru,2016-01-18,Присаживайтесь,,Андрей Коняев,_Космос_,
0,nplus1.ru/material/2016/01/19/recitative,nplus1.ru,2016-01-19,Сухой и крепкий,,Таисия Филиппова,_Наука_Звук_,
0,nplus1.ru/material/2016/01/20/pitulko,nplus1.ru,2016-01-20,«Их всегда добывали ради бивней»,,Таисия Филиппова,_Наука_Археология_,
0,nplus1.ru/material/2016/01/21/planetX,nplus1.ru,2016-01-21,Мистер «X»,,Марат Мусин,_Космос_Наука_,
0,nplus1.ru/material/2016/01/22/silver,nplus1.ru,2016-01-22,История истории: Скептический век,,Александр Ершов,_Наука_История истории_,
0,nplus1.ru/material/2016/01/25/drive-less-more,nplus1.ru,2016-01-25,Везет же кого-то,,Николай Воронцов,_Транспорт_Технологии_,
0,nplus1.ru/material/2016/01/26/notoobigthounottoosmall,nplus1.ru,2016-01-26,«Охота уже начата»,,Александр Ершов,_Космос_Наука_,
0,nplus1.ru/material/2016/01/27/extremescaterring,nplus1.ru,2016-01-27,Взгляд сквозь облако,,Марат Мусин,_Космос_Наука_Астрономические дневники_,
0,nplus1.ru/material/2016/01/28/dmc,nplus1.ru,2016-01-28,Машина вне времени,,Василий Сычев,_Транспорт_,
0,nplus1.ru/material/2016/01/29/birchtree,nplus1.ru,2016-01-29,История истории: Поклоно ѿ Онѳима,,Александр Ершов,_Наука_История истории_,
0,nplus1.ru/material/2016/02/15/posters-for-nasa,nplus1.ru,2016-02-15,Посетите Энцелад,,Таисия Филиппова,_Космос_,
0,nplus1.ru/material/2016/02/01/goodbye-philae,nplus1.ru,2016-02-01,"Прощай, пират!",,Владимир Королев,_Космос_Технологии_«Филы» и «Розетта»_,
0,nplus1.ru/material/2016/02/02/crisprfaq,nplus1.ru,2016-02-02,Запомните эти буквы,,Александр Ершов,_Наука_,
0,nplus1.ru/material/2016/02/03/what-is-zika,nplus1.ru,2016-02-03,Еще одна лихорадка,,Олег Лищук,_Наука_Медицина_,
0,nplus1.ru/material/2016/02/04/challenger,nplus1.ru,2016-02-04,Урок из космоса,,Андрей Коняев,_Космос_Транспорт_,
0,nplus1.ru/material/2016/02/05/tallrikarna,nplus1.ru,2016-02-05,Нелетающие тарелки,,Николай Воронцов,_Космос_,
0,nplus1.ru/material/2016/02/07/radioastronlacertae,nplus1.ru,2016-02-07,Поймать хвост ящерицы,,Марат Мусин,_Космос_,
0,nplus1.ru/material/2016/02/10/grawaves,nplus1.ru,2016-02-10,На гребне метрического тензора,,Таисия Филиппова,_Наука_Космос_,
0,nplus1.ru/material/2016/02/17/Artzybasheff,nplus1.ru,2016-02-17,Deus ex machinalia,,Таисия Филиппова,_Технологии_,
0,nplus1.ru/material/2016/02/18/greekatheism,nplus1.ru,2016-02-18,Археология атеизма,,Александр Ершов,_Наука_,
0,nplus1.ru/material/2016/02/19/tissue-engeneering,nplus1.ru,2016-02-19,Скамейка запасных,,Олег Лищук,_Технологии_Наука_,
0,nplus1.ru/material/2016/02/20/umberto,nplus1.ru,2016-02-20,Феномен культуры,,Таисия Филиппова,_Наука_,
0,nplus1.ru/material/2016/02/25/chiusi,nplus1.ru,2016-02-25,Этрусский мир,,Александр Ершов,_Наука_Археология_,
0,nplus1.ru/material/2016/02/26/meiosis-in-vitro,nplus1.ru,2016-02-26,Внуки стволовой клетки,,Олег Лищук,_Наука_Технологии_,
0,nplus1.ru/material/2016/02/29/gurevich,nplus1.ru,2016-02-29,История истории: Сага о средневековом человеке,,Таисия Филиппова,_Наука_История истории_,
0,nplus1.ru/material/2016/03/18/gravitata,nplus1.ru,2016-03-18,За волной волна,,Марат Мусин,_Наука_Космос_Астрономические дневники_,
0,nplus1.ru/material/2016/03/01/engines,nplus1.ru,2016-03-01,Турбина всему голова,,Василий Сычев,_Технологии_Транспорт_,
0,nplus1.ru/material/2016/03/02/teleport,nplus1.ru,2016-03-02,Квантовая азбука: «Телепортация»,,Александр Ершов,_Наука_Квантовая азбука_,
0,nplus1.ru/material/2016/03/03/tetraquark,nplus1.ru,2016-03-03,«Тетракварки — это Дикий Запад»,,Владимир Королев,_Технологии_Вакансии_Физики смогли_,
0,nplus1.ru/material/2016/03/08/nanoflowers,nplus1.ru,2016-03-08,Цветы добра,,Таисия Филиппова,_Наука_,
0,nplus1.ru/material/2016/03/10/gogogo,nplus1.ru,2016-03-10,Го: речь поражения,,Александр Ершов,_Наука_IT_,
0,nplus1.ru/material/2016/03/15/quantumcomp,nplus1.ru,2016-03-15,Квантовая азбука: «Компьютер»,,Таисия Филиппова,_Наука_Технологии_Квантовая азбука_,
0,nplus1.ru/material/2016/03/17/ferma,nplus1.ru,2016-03-17,Кому поля не жмут,,Андрей Коняев,_Наука_,
0,nplus1.ru/material/2016/03/21/planetofapes,nplus1.ru,2016-03-21,"«Открыть череп, вставить электроды»",,Александр Ершов,_Наука_Технологии_,
0,nplus1.ru/material/2016/03/24/nonlocality,nplus1.ru,2016-03-24,Квантовая азбука: «Нелокальность»,,Владимир Королев,_Наука_Квантовая азбука_,
0,nplus1.ru/material/2016/03/25/minimalgenome,nplus1.ru,2016-03-25,Прожиточный минимум,,Александр Ершов,_Наука_,
0,nplus1.ru/material/2016/03/28/virus-modelling,nplus1.ru,2016-03-28,"«Все знают, как выглядит Марс, но вирусы остаются невидимы»",,Таисия Филиппова,_Наука_,
0,nplus1.ru/material/2016/03/30/generics-biosimilars,nplus1.ru,2016-03-30,Одинаковы с лица,,Олег Лищук,_Наука_Партнерский материал_,
0,nplus1.ru/material/2016/04/04/newfoundonnewfoundland,nplus1.ru,2016-04-04,Железо Виноградной страны,,Александр Ершов,_Наука_Археология_,
0,nplus1.ru/material/2016/04/05/dwarfpollution,nplus1.ru,2016-04-05,Европейский след,,Марат Мусин,_Космос_Наука_Астрономические дневники_,
0,nplus1.ru/material/2016/04/06/sentinel-3,nplus1.ru,2016-04-06,Главный по океанам,,Владимир Королев,_Космос_Астрофотография_,
0,nplus1.ru/material/2016/04/07/spheres,nplus1.ru,2016-04-07,"Один сломал, другой потерял",,Андрей Коняев,_Наука_,
0,nplus1.ru/material/2016/04/09/vanishing-spirits,nplus1.ru,2016-04-09,Капли скотча,,Таисия Филиппова,_Наука_Физики смогли_,
0,nplus1.ru/material/2016/04/12/coh,nplus1.ru,2016-04-12,Квантовая азбука: «Когерентность»,,Андрей Коняев,_Наука_Квантовая азбука_,
0,nplus1.ru/material/2016/04/13/jesture,nplus1.ru,2016-04-13,Понятно без слов,,Таисия Филиппова,_Наука_,
0,nplus1.ru/material/2016/04/18/China-conquest,nplus1.ru,2016-04-18,Монголы идут на Китай,,Алена  Пашко,_Блоги_Наука_Лимб_,
0,nplus1.ru/material/2016/04/18/project-apollo,nplus1.ru,2016-04-18,Лунные линзы,,Таисия Филиппова,_Космос_,
0,nplus1.ru/material/2016/04/20/car-cancer,nplus1.ru,2016-04-20,Химера против рака,,Таисия Филиппова,_Наука_Технологии_Партнерский материал_,
0,nplus1.ru/material/2016/04/21/justprog,nplus1.ru,2016-04-21,Контроллер всему голова,,Василий Сычев,_Технологии_Партнерский материал_,
0,nplus1.ru/material/2016/04/22/grinofthegreen,nplus1.ru,2016-04-22,Зелененький он был,,Александр Ершов,_Наука_,
0,nplus1.ru/material/2016/04/25/i-believe-i-can-fly,nplus1.ru,2016-04-25,Мне бы в небо,,Тарас Молотилин,_Наука_Игра престолов_,
0,nplus1.ru/material/2016/04/28/chernobyl-wildlife,nplus1.ru,2016-04-28,Жизнь в мертвой зоне II,,Таисия Филиппова,_Наука_,
0,nplus1.ru/material/2016/04/29/3d-everything,nplus1.ru,2016-04-29,Печать моя светла,,Николай Воронцов,_Технологии_Партнерский материал_,
0,nplus1.ru/material/2016/05/02/astrothrones,nplus1.ru,2016-05-02,Неясная погода,,Марат Мусин,_Наука_Игра престолов_,
0,nplus1.ru/material/2016/05/05/layers,nplus1.ru,2016-05-05,"Чай, титан и шоколад",,Николай Воронцов,_Технологии_Партнерский материал_,
0,nplus1.ru/material/2016/05/10/likemonet,nplus1.ru,2016-05-10,На выставке Ван Гога,,Андрей Коняев,_Наука_IT_,
0,nplus1.ru/material/2016/05/10/Westeros-economy,nplus1.ru,2016-05-10,Золотые драконы и серебряные олени,,Андрей Коняев,_Наука_Игра престолов_,
0,nplus1.ru/material/2016/05/11/kennewick,nplus1.ru,2016-05-11,В пух и прах,,Александр Ершов,_Наука_Археология_,
0,nplus1.ru/material/2016/05/13/quaziparticles,nplus1.ru,2016-05-13,Квантовая азбука: «Зоопарк квазичастиц»,,Андрей Коняев,_Наука_Квантовая азбука_,
0,nplus1.ru/material/2016/05/16/biothrones,nplus1.ru,2016-05-16,"Белая гвардия, белый снег",,Александр Ершов,_Наука_Игра престолов_,
0,nplus1.ru/material/2016/05/17/dj,nplus1.ru,2016-05-17,Шлем Бога,,Таисия Филиппова,_Наука_,
0,nplus1.ru/material/2016/05/19/pharmunderground,nplus1.ru,2016-05-19,«Просто потому что можем»,,Александр Ершов,_Наука_Разное_,
0,nplus1.ru/material/2016/05/21/biology-is-cute,nplus1.ru,2016-05-21,Ми-ми-микроскопия,,Александр Ершов,_Наука_Красота_,
0,nplus1.ru/material/2016/05/24/japanese,nplus1.ru,2016-05-24,Чисто для души,,Василий Сычев,_Оружие_,
0,nplus1.ru/material/2016/05/25/panchin,nplus1.ru,2016-05-25,"«Уже появились теории, что это рейдерский захват»",,Александр Ершов,_Наука_,
0,nplus1.ru/material/2016/05/31/antibio,nplus1.ru,2016-05-31,"«Дело не в том, что мы поймали рыбку, а в том, что у нас есть удочка»",,Таисия Филиппова,_Наука_Политех_,
0,nplus1.ru/material/2016/06/01/wasps,nplus1.ru,2016-06-01,"Небо, самолет, бабушки",,Василий Сычев,_Оружие_,
0,nplus1.ru/material/2016/06/04/severinov,nplus1.ru,2016-06-04,«Просто это очень красиво»,,Александр Ершов,_Наука_Технологии_,
0,nplus1.ru/material/2016/06/08/wrongqsoredshift,nplus1.ru,2016-06-08,Линейка для квазара,,Марат Мусин,_Космос_Наука_,
0,nplus1.ru/material/2016/06/14/hawking-paradox-2,nplus1.ru,2016-06-14,«Уйдем по направлению световой бесконечности»,,Владимир Королев,_Наука_Космос_Физики смогли_,
0,nplus1.ru/material/2016/06/17/quantum-cryptography,nplus1.ru,2016-06-17,«Выдергиваете и сжигаете»,,Владимир Королев,_Наука_Технологии_Квантовая азбука_,
0,nplus1.ru/material/2016/06/20/warmearth,nplus1.ru,2016-06-20,В поисках тепла,,Александр Ершов,_Наука_,
0,nplus1.ru/material/2016/06/21/happy-old-ppl,nplus1.ru,2016-06-21,Долгая счастливая жизнь,,Таисия Филиппова,_Наука_,
0,nplus1.ru/material/2016/06/27/composite,nplus1.ru,2016-06-27,Черное крыло: запекаю — улетаю,,Василий Сычев,_Транспорт_Технологии_,
0,nplus1.ru/material/2016/06/29/soilandhistory,nplus1.ru,2016-06-29,Не жили богато,,Александр Ершов,_Технологии_,
0,nplus1.ru/material/2016/07/01/simulatronics,nplus1.ru,2016-07-01,Внутренний космос,,Александр Ершов,_Наука_Космос_Астрономические дневники_,
0,nplus1.ru/material/2016/07/05/juno-quest,nplus1.ru,2016-07-05,"Юнона, дай мне силу!",,Владимир Королев,_Космос_Наука_Путешествие «Юноны»_,
0,nplus1.ru/material/2016/07/06/evodevo,nplus1.ru,2016-07-06,Азбука ИИ: «Эволюционные алгоритмы»,,Александр Ершов,_Азбука искусственного интеллекта_,
0,nplus1.ru/material/2016/07/11/soilcam,nplus1.ru,2016-07-11,Я ЕСТЬ ГРУНТ,,Таисия Филиппова,_Наука_Красота_,
0,nplus1.ru/material/2016/07/12/bystander-effect,nplus1.ru,2016-07-12,Не обернулся посмотреть,,Кристина Уласович,_Наука_,
0,nplus1.ru/material/2016/07/14/moscow-thunder,nplus1.ru,2016-07-14,«180 разрядов в минуту»,,Таисия Филиппова,_Наука_И о погоде_,
0,nplus1.ru/material/2016/07/15/ornitopter,nplus1.ru,2016-07-15,За Атрейдесов!,,Александр Ершов,_Транспорт_Технологии_,
0,nplus1.ru/material/2016/07/19/dronestagram,nplus1.ru,2016-07-19,Тянется к небу трава,,Таисия Филиппова,_Технологии_Роботы и дроны_,
0,nplus1.ru/material/2016/07/21/beautiful-chemistry,nplus1.ru,2016-07-21,"Смешать, но не взбалтывать",,Таисия Филиппова,_Наука_Органическое на 100% _,
0,nplus1.ru/material/2016/07/27/solar-impulse-2,nplus1.ru,2016-07-27,Одноместный тихоход,,Таисия Филиппова,_Технологии_Solar Impulse 2_,
0,nplus1.ru/material/2016/07/29/luca,nplus1.ru,2016-07-29,Это все от Луки,,Таисия Филиппова,_Наука_,
0,nplus1.ru/material/2016/08/02/robots,nplus1.ru,2016-08-02,Корабли без капитана,,Василий Сычев,_Оружие_Технологии_,
0,nplus1.ru/material/2016/08/06/Kola-Superdeep-Borehole,nplus1.ru,2016-08-06,Подземное неземное,,Владимир Королев,_Наука_Технологии_Физики смогли_,
0,nplus1.ru/material/2016/08/10/Photoshop-and-NASA,nplus1.ru,2016-08-10,Созвездие Фотожабы,,Зеленый  кот,_Космос_Технологии_Зеленый кот рассказывает_,
0,nplus1.ru/material/2016/08/12/chinaflood,nplus1.ru,2016-08-12,Потоп – дело государственное,,Александр Ершов,_Наука_Археология_,
0,nplus1.ru/material/2016/08/16/Et-in-Arcadia-ego,nplus1.ru,2016-08-16,Аркадский пастушок и волки,,Александр Ершов,_Наука_Археология_,
0,nplus1.ru/material/2016/08/18/avionics,nplus1.ru,2016-08-18,Игра в кубики,,Василий Сычев,_Транспорт_Технологии_,
0,nplus1.ru/material/2016/08/24/Pale-red-dot,nplus1.ru,2016-08-24,Невозможно быть ближе,,Владимир Королев,_Наука_Космос_,
0,nplus1.ru/material/2016/08/26/spin-liquid,nplus1.ru,2016-08-26,Квантовая азбука: «Спиновая жидкость»,,Таисия Филиппова,_Наука_Квантовая азбука_,
0,nplus1.ru/material/2016/09/06/mistakesflow,nplus1.ru,2016-09-06,Азбука ИИ: «Машинное обучение»,,Александр Ершов,_Азбука искусственного интеллекта_,
0,nplus1.ru/material/2016/09/07/transport,nplus1.ru,2016-09-07,"Мечта, а не самолет",,Василий Сычев,_Транспорт_Космос_,
0,nplus1.ru/material/2016/09/08/gatestoamerica,nplus1.ru,2016-09-08,Колумбы каменного века,,Александр Ершов,_Наука_Археология_,
0,nplus1.ru/material/2016/09/12/anthropocene,nplus1.ru,2016-09-12,Человек проходит как хозяин,,Дмитрий Иванов,_Наука_,
0,nplus1.ru/material/2016/09/12/harrypotter,nplus1.ru,2016-09-12,Гарри Поттер и трудности перевода,,Дмитрий Иванов,_Наука_,
0,nplus1.ru/material/2016/09/16/dig-the-hole,nplus1.ru,2016-09-16,С дырочкой в левом боку,,Олег Лищук,_Наука_,
0,nplus1.ru/material/2016/09/19/stonewoman,nplus1.ru,2016-09-19,Хозяйка двойной горы,,Дмитрий Иванов,_Наука_Археология_,
0,nplus1.ru/material/2016/09/24/on-heredity,nplus1.ru,2016-09-24,Привет потомкам,,Олег Лищук,_Наука_,
0,nplus1.ru/material/2016/09/26/FAST,nplus1.ru,2016-09-26,Самая большая миска для риса,,Таисия Филиппова,_Космос_Технологии_Астрономические дневники_,
0,nplus1.ru/material/2016/09/27/renjugame,nplus1.ru,2016-09-27,Сложнее шахмат,,Дмитрий Иванов,_Наука_,
0,nplus1.ru/material/2016/09/28/lebedevchip,nplus1.ru,2016-09-28,«Запомним всю «Википедию»,,Александр Ершов,_Наука_Технологии_,
0,nplus1.ru/material/2016/09/30/itsy-bitsy-miner,nplus1.ru,2016-09-30,За одного битого,,Тарас Молотилин,_Технологии_Партнерский материал_,
0,nplus1.ru/material/2016/10/18/megafaunapleistocene,nplus1.ru,2016-10-18,Когда ленивцы были большими,,Дмитрий Иванов,_Наука_Археология_,
0,nplus1.ru/material/2016/10/03/facebook-data-center,nplus1.ru,2016-10-03,"Лайк, репост и технологии",,Таисия Филиппова,_Технологии_Красота_,
0,nplus1.ru/material/2016/10/03/Ohsumiprize,nplus1.ru,2016-10-03,Нобель за самоедство,,Александр Ершов,_Наука_,
0,nplus1.ru/material/2016/10/04/nobelphyz,nplus1.ru,2016-10-04,«Топологически защищен»,,Таисия Филиппова,_Наука_Физики смогли_,
0,nplus1.ru/material/2016/10/05/nobel-for-molecular-machinery,nplus1.ru,2016-10-05,Машина из пробирки,,Владимир Королев,_Наука_Органическое на 100% _,
0,nplus1.ru/material/2016/10/07/mars-or-earth,nplus1.ru,2016-10-07,Остров Марс,,Дмитрий Иванов,_Космос_Зеленый кот рассказывает_,
0,nplus1.ru/material/2016/10/11/cosmic-dementia,nplus1.ru,2016-10-11,Излучение и отвага,,Таисия Филиппова,_Космос_Медицина_,
0,nplus1.ru/material/2016/10/12/engines,nplus1.ru,2016-10-12,Установки на будущее,,Василий Сычев,_Технологии_Космос_,
0,nplus1.ru/material/2016/10/14/dylannobelprizelaureate,nplus1.ru,2016-10-14,«Искусство — это хоровод иллюзий»,,Дмитрий Иванов,_Разное_,
0,nplus1.ru/material/2016/10/14/saimak,nplus1.ru,2016-10-14,Гаечный ключ и «Снова и снова»,,Андрей Коняев,_Партнерский материал_Наука_Сделай сам_,
0,nplus1.ru/material/2016/10/15/deepmind,nplus1.ru,2016-10-15,Обретение памяти,,Александр Ершов,_Наука_IT_,
0,nplus1.ru/material/2016/10/19/exomars-2016,nplus1.ru,2016-10-19,Ищу тебя,,Кристина Уласович,_Космос_Наука_Астрономические дневники_,
0,nplus1.ru/material/2016/10/20/gomunculus,nplus1.ru,2016-10-20,Потренируемся на чипах,,Дмитрий Иванов,_Партнерский материал_Московский Политех_,
0,nplus1.ru/material/2016/10/22/smallnikon,nplus1.ru,2016-10-22,Мелочи жизни,,Соня Долотовская,_Красота_,
0,nplus1.ru/material/2016/10/24/autobed,nplus1.ru,2016-10-24,«Пятый элемент» и самозаправляющаяся кровать,,Андрей Коняев,_Партнерский материал_Наука_Сделай сам_,
0,nplus1.ru/material/2016/10/24/problem4,nplus1.ru,2016-10-24,«Назад в будущее» и безразмерная куртка,,Андрей Коняев,_Партнерский материал_Сделай сам_,
0,nplus1.ru/material/2016/10/25/antidrone,nplus1.ru,2016-10-25,Пожужжи мне тут,,Николай Воронцов,_Гаджеты_Роботы и дроны_,
0,nplus1.ru/material/2016/10/26/Kolmanskoppe-forever,nplus1.ru,2016-10-26,Призрак алмазной лихорадки,,Екатерина Русакова,_Разное_,
0,nplus1.ru/material/2016/10/27/mars-landing-difficulties,nplus1.ru,2016-10-27,9:8 в пользу марсиан,,Дмитрий Иванов,_Космос_Зеленый кот рассказывает_,
0,nplus1.ru/material/2016/10/29/papirus-on-jerusalem,nplus1.ru,2016-10-29,Папирус раздора,,Дмитрий Иванов,_Наука_Археология_,
0,nplus1.ru/material/2016/10/31/nano-contest-winner,nplus1.ru,2016-10-31,«Вытягиваем и отжигаем»,,Дмитрий Иванов,_Партнерский материал_Технологии_Сделай сам_,
0,nplus1.ru/material/2016/11/17/viknanointerview,nplus1.ru,2016-11-17,«Распылять без примесей»,,Таисия Филиппова,_Партнерский материал_Материалы_Сделай сам_,
0,nplus1.ru/material/2016/11/17/water,nplus1.ru,2016-11-17,Пять стихий: вода,,Тарас Молотилин,_Партнерский материал_«Пять стихий»_,
0,nplus1.ru/material/2016/11/01/arranged-diatoms,nplus1.ru,2016-11-01,Красота по-викториански,,Соня Долотовская,_Красота_,
0,nplus1.ru/material/2016/11/02/russian-nation-law,nplus1.ru,2016-11-02,"«Мы, многонациональный народ»",,Дмитрий Иванов,_Наука_,
0,nplus1.ru/material/2016/11/04/recurrent-networks,nplus1.ru,2016-11-04,Азбука ИИ: «Рекуррентные нейросети»,,Тарас Молотилин,_Наука_Азбука искусственного интеллекта_,
0,nplus1.ru/material/2016/11/08/noaa,nplus1.ru,2016-11-08,На дне,,Таисия Филиппова,_Наука_Красота_,
0,nplus1.ru/material/2016/11/10/the-arrival-linguistics,nplus1.ru,2016-11-10,Темный твой язык учу,,Дмитрий Иванов,_Наука_Языкознание_,
0,nplus1.ru/material/2016/11/11/misis,nplus1.ru,2016-11-11,«Пять стихий»,,Таисия Филиппова,_Партнерский материал_«Пять стихий»_,
0,nplus1.ru/material/2016/11/11/unexpected-materials,nplus1.ru,2016-11-11,"Материалы, которых не ждали",,Владимир Королев,_Партнерский материал_«Пять стихий»_,
0,nplus1.ru/material/2016/11/14/whoisthebestenlightener,nplus1.ru,2016-11-14,Народный «Просветитель»,,Дмитрий Иванов,_«Просветитель-2016»_,
0,nplus1.ru/material/2016/11/15/pure-morning,nplus1.ru,2016-11-15,"Обмани меня, если сможешь",,Олег Лищук,_Наука_Медицина_,
0,nplus1.ru/material/2016/11/16/Venus-cosmonautics,nplus1.ru,2016-11-16,Дотянуться до Венеры,,Дмитрий Иванов,_Космос_День в истории науки_,
0,nplus1.ru/material/2016/11/18/it-was-wrong,nplus1.ru,2016-11-18,А ты симпатическая,,Олег Лищук,_Наука_Медицина_,
0,nplus1.ru/material/2016/11/20/electricsub,nplus1.ru,2016-11-20,«20 тонн трансформаторного масла»,,Таисия Филиппова,_Партнерский материал_Сделай сам_,
0,nplus1.ru/material/2016/11/20/zeolite,nplus1.ru,2016-11-20,Наносито для крови,,Таисия Филиппова,_Партнерский материал_Сделай сам_,
0,nplus1.ru/material/2016/11/21/post-truth-world,nplus1.ru,2016-11-21,"Платон мне друг, но истины не надо",,Дмитрий Иванов,_Наука_Языкознание_,
0,nplus1.ru/material/2016/11/22/pangolins,nplus1.ru,2016-11-22,Беззубый артишок,,Соня Долотовская,_Наука_Бестиарий_,
0,nplus1.ru/material/2016/11/23/fire-fire,nplus1.ru,2016-11-23,Пять стихий: огонь,,Тарас Молотилин,_Партнерский материал_«Пять стихий»_,
0,nplus1.ru/material/2016/11/26/usa-attack-plans,nplus1.ru,2016-11-26,Врагу не доплыть,,Дмитрий Иванов,_Разное_,
0,nplus1.ru/material/2016/11/28/languages-and-colours,nplus1.ru,2016-11-28,Все слова радуги,,Дмитрий Иванов,_Наука_Перевод_,
0,nplus1.ru/material/2016/11/29/ration,nplus1.ru,2016-11-29,"Манна небесная, конверсионная",,Василий Сычев,_Технологии_Разное_,
0,nplus1.ru/material/2016/11/30/duckbilled,nplus1.ru,2016-11-30,Утконосый первозверь,,Соня Долотовская,_Наука_Бестиарий_,
0,nplus1.ru/material/2016/12/16/space,nplus1.ru,2016-12-16,Пять стихий: космос,,Владимир Королев,_Партнерский материал_«Пять стихий»_,
0,nplus1.ru/material/2016/12/02/aerogel-and-its-characteristics,nplus1.ru,2016-12-02,Пять стихий: воздух,,Дмитрий Иванов,_Партнерский материал_«Пять стихий»_,
0,nplus1.ru/material/2016/12/03/little-life-translators-interview,nplus1.ru,2016-12-03,«Роман не об этом»,,Дмитрий Иванов,_Разное_,
0,nplus1.ru/material/2016/12/05/nanoconference,nplus1.ru,2016-12-05,Большой конгресс для нанопредприятий,,Таисия Филиппова,_Партнерский материал_Сделай сам_,
0,nplus1.ru/material/2016/12/06/olaf-the-saint,nplus1.ru,2016-12-06,Олаф Святой и Олаф Толстый,,Дмитрий Иванов,_Наука_Археология_,
0,nplus1.ru/material/2016/12/07/alfabank,nplus1.ru,2016-12-07,В этой нелепой шапочке,,Андрей Коняев,_Наука_Партнерский материал_,
0,nplus1.ru/material/2016/12/09/misis,nplus1.ru,2016-12-09,Пять стихий: земля,,Таисия Филиппова,_Партнерский материал_«Пять стихий»_,
0,nplus1.ru/material/2016/12/10/saturnrings,nplus1.ru,2016-12-10,Кольца шестой планеты,,Таисия Филиппова,_Космос_,
0,nplus1.ru/material/2016/12/12/zheltuga-amur-california,nplus1.ru,2016-12-12,Сбродная Россия,,Дмитрий Иванов,_Разное_,
0,nplus1.ru/material/2016/12/14/quantorium,nplus1.ru,2016-12-14,Математика для будущих инженеров,,Дмитрий Иванов,_Партнерский материал_«Кванториум»_,
0,nplus1.ru/material/2016/12/15/curiosity-drillness,nplus1.ru,2016-12-15,Забурившийся на Марсе,,Дмитрий Иванов,_Космос_Зеленый кот рассказывает_,
0,nplus1.ru/material/2016/12/17/aardvark,nplus1.ru,2016-12-17,Земляной поросенок,,Соня Долотовская,_Наука_Бестиарий_,
0,nplus1.ru/material/2016/12/19/social-media-misinformation,nplus1.ru,2016-12-19,«Максимальный репост»,,Дмитрий Иванов,_Технологии_Перевод_,
0,nplus1.ru/material/2016/12/21/cosmicladder,nplus1.ru,2016-12-21,Звезда с звездою говорит,,Марат Мусин,_Космос_,
0,nplus1.ru/material/2016/12/23/the-oldest-city-in-russia,nplus1.ru,2016-12-23,Кто на свете всех древнее?,,Дмитрий Иванов,_Наука_Разное_,
0,nplus1.ru/material/2016/12/26/schizogenes,nplus1.ru,2016-12-26,Безумие в наследство,,Александр Ершов,_Наука_Биология_,
0,nplus1.ru/material/2016/12/27/flu,nplus1.ru,2016-12-27,Передай другому,,Олег Лищук,_Наука_Медицина_,
0,nplus1.ru/material/2016/12/28/small-languages-yandex,nplus1.ru,2016-12-28,Переведется все,,Дмитрий Иванов,_Технологии_Языкознание_,
0,nplus1.ru/material/2016/12/28/viknano-winners,nplus1.ru,2016-12-28,«Сделай сам»: победители,,Дмитрий Иванов,_Технологии_Сделай сам_,
0,nplus1.ru/material/2016/12/29/litsey,nplus1.ru,2016-12-29,Не се ль Минервы росской храм?,,Таисия Филиппова,_Разное_,
0,nplus1.ru/material/2016/12/30/sovietspacecards,nplus1.ru,2016-12-30,Вам открытка,,Таисия Филиппова,_Разное_,
0,nplus1.ru/material/2017/01/07/christmas-tree-history,nplus1.ru,2017-01-07,Древо жизни пышно зеленеет,,Дмитрий Иванов,_Наука_Перевод_,
0,nplus1.ru/material/2017/01/10/medicine-in-the-space,nplus1.ru,2017-01-10,Эксперименты на людях,,Дмитрий Иванов,_Космос_Зеленый кот рассказывает_,
0,nplus1.ru/material/2017/01/11/colugo,nplus1.ru,2017-01-11,Меховой ковер-самолет,,Соня Долотовская,_Наука_Бестиарий_,
0,nplus1.ru/material/2017/01/12/mwancestors,nplus1.ru,2017-01-12,Радио-ретро,,Марат Мусин,_Космос_Астрономические дневники_,
0,nplus1.ru/material/2017/01/13/preciosity-salon-language,nplus1.ru,2017-01-13,"Салон, или 120 слов жаргона",,Дмитрий Иванов,_Наука_Гендерные исследования_,
0,nplus1.ru/material/2017/01/16/minor-asia-diogenes,nplus1.ru,2017-01-16,Битва за Анатолию,,Дмитрий Иванов,_Наука_История_,
0,nplus1.ru/material/2017/01/18/where-are-thou,nplus1.ru,2017-01-18,Они убили мечту!,,Николай Воронцов,_Гаджеты_Мезонин_,
0,nplus1.ru/material/2017/01/20/smart-medicine,nplus1.ru,2017-01-20,Кардиограмма для «инстаграма»,,Олег Лищук,_Технологии_Медицина_,
0,nplus1.ru/material/2017/01/24/mems,nplus1.ru,2017-01-24,Когда меньше — лучше,,Василий Сычев,_Технологии_Гаджеты_,
0,nplus1.ru/material/2017/01/25/neuro-visualization,nplus1.ru,2017-01-25,Яркий внутренний мир,,Дмитрий Иванов,_Технологии_Биология_,
0,nplus1.ru/material/2017/01/27/celtic-treasure,nplus1.ru,2017-01-27,Копил и забыл,,Юлия Штутина,_Наука_Археология_,
0,nplus1.ru/material/2017/01/30/Aye-aye,nplus1.ru,2017-01-30,Руконогий Сатана,,Таисия Филиппова,_Наука_Бестиарий_,
0,nplus1.ru/material/2017/01/31/ai-beats-top-poker-players,nplus1.ru,2017-01-31,Время повысить ставки,,Дмитрий Иванов,_Технологии_IT_,
0,nplus1.ru/material/2017/01/31/woodentrack,nplus1.ru,2017-01-31,Я и друг мой грузовик,,Николай Воронцов,_Технологии_Партнерский материал_,
0,nplus1.ru/material/2017/02/03/elephantseal,nplus1.ru,2017-02-03,Ластоногий Ждун,,Соня Долотовская,_Наука_Бестиарий_,
0,nplus1.ru/material/2017/02/08/landing,nplus1.ru,2017-02-08,Домой на автопилоте,,Василий Сычев,_Транспорт_Технологии_,
0,nplus1.ru/material/2017/02/09/tsvetan-todorod,nplus1.ru,2017-02-09,Апостол гуманизма,,Дмитрий Иванов,_Наука_Памяти ученого_,
0,nplus1.ru/material/2017/02/10/astrophoto2017,nplus1.ru,2017-02-10,Смотри выше,,Владимир Королев,_Космос_Астрофотография_,
0,nplus1.ru/material/2017/02/13/mental-experiments,nplus1.ru,2017-02-13,Не вставая с дивана,,Владимир Королев,_Наука_,
0,nplus1.ru/material/2017/02/14/saint-valentine-day,nplus1.ru,2017-02-14,Анатомия меланхолии,,Дмитрий Иванов,_Наука_История_,
0,nplus1.ru/material/2017/02/15/iq-correlations,nplus1.ru,2017-02-15,Хватит умничать,,Кристина Уласович,_Наука_Мезонин_,
0,nplus1.ru/material/2017/02/21/hyrax,nplus1.ru,2017-02-21,Миниатюрный слонопотам,,Соня Долотовская,_Наука_Бестиарий_,
0,nplus1.ru/material/2017/02/22/fighters,nplus1.ru,2017-02-22,Утка по-французски,,Василий Сычев,_Оружие_Технологии_,
0,nplus1.ru/material/2017/02/23/shafarevitch-rip,nplus1.ru,2017-02-23,Изящное отрицательное решение,,Таисия Филиппова,_Наука_Памяти ученого_,
0,nplus1.ru/material/2017/02/24/trappist,nplus1.ru,2017-02-24,Пивное братство в созвездии Водолея,,Марат Мусин,_Космос_Наука_,
0,nplus1.ru/material/2017/02/27/alfa-hedgehog,nplus1.ru,2017-02-27,Ежик и Муравей,,Тарас Молотилин,_Технологии_Партнерский материал_,
0,nplus1.ru/material/2017/02/28/february-and-entente,nplus1.ru,2017-02-28,"Ни Берлина, ни Босфора",,Дмитрий Иванов,_Наука_История_,
0,nplus1.ru/material/2017/03/20/water,nplus1.ru,2017-03-20,Фильтруй с умом,,Тарас Молотилин,_Партнерский материал_Технологии_,
0,nplus1.ru/material/2017/03/02/power,nplus1.ru,2017-03-02,На зарядку становись,,Василий Сычев,_Технологии_,
0,nplus1.ru/material/2017/03/06/fingerprints,nplus1.ru,2017-03-06,Тычьте сюда,,Тарас Молотилин,_Партнерский материал_IT_,
0,nplus1.ru/material/2017/03/07/palace-mosul,nplus1.ru,2017-03-07,Из глубин,,Юлия Штутина,_Наука_Археология_,
0,nplus1.ru/material/2017/03/09/back-in-the-black,nplus1.ru,2017-03-09,Режим «Ностальгический»,,Николай Воронцов,_Гаджеты_Технологии_,
0,nplus1.ru/material/2017/03/10/gold-mining,nplus1.ru,2017-03-10,Золотая лихорадка,,Дмитрий Иванов,_Технологии_Наука_,
0,nplus1.ru/material/2017/03/13/weakgravlensing,nplus1.ru,2017-03-13,Вселенная не в фокусе,,Марат Мусин,_Космос_,
0,nplus1.ru/material/2017/03/14/three-comma-141592653589793,nplus1.ru,2017-03-14,Жизнь π,,Владимир Королев,_Наука_Мезонин_,
0,nplus1.ru/material/2017/03/16/coati,nplus1.ru,2017-03-16,Общительные носачи,,Соня Долотовская,_Наука_Бестиарий_,
0,nplus1.ru/material/2017/03/21/bitrx,nplus1.ru,2017-03-21,Под бит истории,,Андрей Коняев,_Наука_Партнерский материал_,
0,nplus1.ru/material/2017/03/22/lhcb-interview,nplus1.ru,2017-03-22,«Прелестный кварк летит вперед»,,Владимир Королев,_Наука_Второй сезон Коллайдера_,
0,nplus1.ru/material/2017/03/23/manager-language,nplus1.ru,2017-03-23,Шерим инсайты,,Елизавета Колесова,_Наука_Языкознание_,
0,nplus1.ru/material/2017/03/24/abel-prize,nplus1.ru,2017-03-24,"«Всплеск, который быстро затухает»",,Владимир Королев,_Наука_Математика и жизнь_,
0,nplus1.ru/material/2017/03/24/my-office,nplus1.ru,2017-03-24,Из России с любовью,,Таисия Филиппова,_Наука_Партнерский материал_,
0,nplus1.ru/material/2017/03/27/squeezedlight,nplus1.ru,2017-03-27,Точилка для квантового карандаша,,Екатерина Козлякова,_Наука_Физики смогли_,
0,nplus1.ru/material/2017/03/28/passwords,nplus1.ru,2017-03-28,Скажи волшебное слово,,Тарас Молотилин,_Партнерский материал_IT_,
0,nplus1.ru/material/2017/03/29/airports,nplus1.ru,2017-03-29,Полеты во сне и наяву,,Василий Сычев,_Транспорт_Технологии_,
0,nplus1.ru/material/2017/03/31/small-languages-even,nplus1.ru,2017-03-31,Надис айпон есть?,,Дмитрий Иванов,_Наука_Языки России_,
0,nplus1.ru/material/2017/04/02/alexey-abricosov,nplus1.ru,2017-04-02,Пионер сверхпроводимости,,Екатерина Козлякова,_Наука_Памяти ученого_,
0,nplus1.ru/material/2017/04/03/fossa,nplus1.ru,2017-04-03,Кошкообразные виверры,,Соня Долотовская,_Наука_Бестиарий_,
0,nplus1.ru/material/2017/04/04/soviet-slot-machines,nplus1.ru,2017-04-04,Брось 15 копеек,,Дмитрий Иванов,_Технологии_Мезонин_,
0,nplus1.ru/material/2017/04/05/microsoft,nplus1.ru,2017-04-05,Лицом в клавиатуру,,Таисия Филиппова,_Наука_Разное_,
0,nplus1.ru/material/2017/04/08/astrophoto,nplus1.ru,2017-04-08,Во славу Юпитера,,Владимир Королев,_Космос_Астрофотография_,
0,nplus1.ru/material/2017/04/11/minimal-surface,nplus1.ru,2017-04-11,Мыльная опера,,Владимир Королев,_Наука_Математика и жизнь_,
0,nplus1.ru/material/2017/04/12/starships,nplus1.ru,2017-04-12,Бороздят просторы вселенных,,Николай Воронцов,_Космос_Мезонин_,
0,nplus1.ru/material/2017/04/13/Cross-cousin-marriage,nplus1.ru,2017-04-13,Не брат ты мне,,Елизавета Власова,_Наука_Гендерные исследования_,
0,nplus1.ru/material/2017/04/17/us-science-n-education,nplus1.ru,2017-04-17,Из России с дипломом,,Дмитрий Иванов,_Наука_Партнерский материал_,
0,nplus1.ru/material/2017/04/18/water-myths,nplus1.ru,2017-04-18,Живая и неживая,,Тарас Молотилин,_Партнерский материал_Технологии_,
0,nplus1.ru/material/2017/04/19/cavitation,nplus1.ru,2017-04-19,Пуля из пузыря,,Василий Сычев,_Оружие_Технологии_,
0,nplus1.ru/material/2017/04/24/bigwater,nplus1.ru,2017-04-24,Море внутри,,Владимир Королев,_Космос_Наука_Астрономические дневники_,
0,nplus1.ru/material/2017/05/02/repeller,nplus1.ru,2017-05-02,"О, великий отталкиватель!",,Марат Мусин,_Космос_,
0,nplus1.ru/material/2017/05/03/BEZDNA,nplus1.ru,2017-05-03,Украденные у будущего,,Александр Ершов,_Наука_Красота_,
0,nplus1.ru/material/2017/05/05/elmos,nplus1.ru,2017-05-05,Полет святого Эльма,,Василий Сычев,_Транспорт_,
0,nplus1.ru/material/2017/05/10/orangutans,nplus1.ru,2017-05-10,Лесные люди,,Екатерина Русакова,_Наука_Бестиарий_,
0,nplus1.ru/material/2017/05/11/astroapril,nplus1.ru,2017-05-11,В поисках звезд,,Владимир Королев,_Космос_Астрофотография_,
0,nplus1.ru/material/2017/05/12/gamesarchaeology,nplus1.ru,2017-05-12,Герои мяча и магия,,Елизавета Власова,_Наука_Разное_,
0,nplus1.ru/material/2017/05/16/nfc-hack,nplus1.ru,2017-05-16,"Карты, деньги, NFC",,Тарас Молотилин,_Технологии_Партнерский материал_,
0,nplus1.ru/material/2017/05/19/mathproblems,nplus1.ru,2017-05-19,Суета вокруг дивана,,Анна Тулякова,_Наука_Математика и жизнь_,
0,nplus1.ru/material/2017/05/22/ghostinashell,nplus1.ru,2017-05-22,Рабы XXI века,,Андрей Коняев,_Партнерский материал_Внемировая экономика_,
0,nplus1.ru/material/2017/05/24/atomspotting,nplus1.ru,2017-05-24,На игле,,Владимир Королев,_Наука_Физики смогли_,
0,nplus1.ru/material/2017/05/25/Elephant-shrew,nplus1.ru,2017-05-25,Слоновый прыгунчик,,Екатерина Русакова,_Наука_Бестиарий_,
0,nplus1.ru/material/2017/05/26/polytech-museum-discussion,nplus1.ru,2017-05-26,"«Экскурсия, пьянка или заплыв через Босфор — все возможно»",,Дмитрий Иванов,_Наука_Политех_,
0,nplus1.ru/material/2017/05/29/nathan-intrator-2,nplus1.ru,2017-05-29,«Наиболее совершенная вычислительная машина»,,Тарас Молотилин,_Наука_Биология_,
0,nplus1.ru/material/2017/05/31/aircarriers,nplus1.ru,2017-05-31,Made in China,,Василий Сычев,_Оружие_Технологии_,
0,nplus1.ru/material/2017/06/02/leftorium,nplus1.ru,2017-06-02,Кто такие правши и левши?,,Дарья Спасская,_Наука_Давайте разберемся_,
0,nplus1.ru/material/2017/06/05/3DTRASH,nplus1.ru,2017-06-05,"Три, Дэ, литература",,Кирилл дизайнер,_Технологии_Красота_,
0,nplus1.ru/material/2017/06/06/sloths,nplus1.ru,2017-06-06,Ленивые листоеды,,Екатерина Русакова,_Наука_Бестиарий_,
0,nplus1.ru/material/2017/06/07/quantumcomputers,nplus1.ru,2017-06-07,Сколько ждать квантового превосходства?,,Владимир Королев,_Наука_Технологии_Квантовая азбука_,
0,nplus1.ru/material/2017/06/08/pix2mems,nplus1.ru,2017-06-08,Изображая мемы,,Николай Воронцов,_Технологии_Мезонин_,
0,nplus1.ru/material/2017/06/09/genedrive,nplus1.ru,2017-06-09,«Скептикам хорошо бы самим пожить в Африке»,,Александр Ершов,_Наука_Технологии_,
0,nplus1.ru/material/2017/06/14/cognition-of-fraud,nplus1.ru,2017-06-14,"А это, внученька, чтобы лучше тебя видеть!",,Тарас Молотилин,_Технологии_Партнерский материал_,
0,nplus1.ru/material/2017/06/16/night-animal,nplus1.ru,2017-06-16,Ночные охотники,,Кирилл дизайнер,_Наука_Бестиарий_,
0,nplus1.ru/material/2017/06/21/seanimal,nplus1.ru,2017-06-21,Из глубины,,Кирилл дизайнер,_Наука_Бестиарий_,
0,nplus1.ru/material/2017/06/22/whats-in-a-city,nplus1.ru,2017-06-22,Что такое город,,Дмитрий Иванов,_Наука_Партнерский материал_,
0,nplus1.ru/material/2017/06/23/well-just-you-wait,nplus1.ru,2017-06-23,"Ну, Бандеролька, погоди!",,Дмитрий Иванов,_Партнерский материал_,
0,nplus1.ru/material/2017/06/28/divergent-point-project,nplus1.ru,2017-06-28,Великое расхождение,,Дмитрий Иванов,_Партнерский материал_Великое расхождение_,
0,nplus1.ru/material/2017/06/28/haiti-dominican,nplus1.ru,2017-06-28,Между лесом и пустыней,,Дмитрий Иванов,_Наука_Великое расхождение_,
0,nplus1.ru/material/2017/07/18/51-qubit-text,nplus1.ru,2017-07-18,Пятьдесят кубитов и еще один,,Владимир Королев,_Физика_,
0,nplus1.ru/material/2017/07/18/yandex-catboost,nplus1.ru,2017-07-18,«Машинное обучение — это многоконфессиональная религия»,,Тарас Молотилин,_IT_,
0,nplus1.ru/material/2017/07/03/GbekliTepecrania-,nplus1.ru,2017-07-03,Что нам при жизни голова,,Юлия Штутина,_Археология_Археология_,
0,nplus1.ru/material/2017/07/05/southern-nothern-cyprus,nplus1.ru,2017-07-05,Раздел «ягодного пирога»,,Дмитрий Иванов,_Партнерский материал_Великое расхождение_,
0,nplus1.ru/material/2017/07/10/tenrecs,nplus1.ru,2017-07-10,Тропические «притворщики»,,Екатерина Русакова,_Биология_Бестиарий_,
0,nplus1.ru/material/2017/07/11/redefinition,nplus1.ru,2017-07-11,Последний эталон,,Григорий Копиев,_Физика_,
0,nplus1.ru/material/2017/07/12/malaysia-indonesia,nplus1.ru,2017-07-12,Демократия начинает — и проигрывает?,,Дмитрий Иванов,_Партнерский материал_Великое расхождение_,
0,nplus1.ru/material/2017/07/13/iceee,nplus1.ru,2017-07-13,Ледовый лом,,Кирилл дизайнер,_Геология_Красота_,
0,nplus1.ru/material/2017/07/14/age-of-earth-2,nplus1.ru,2017-07-14,Капсулы времени,,Дмитрий Иванов,_Геология_Физика_,
0,nplus1.ru/material/2017/07/17/vindolanda-treasure,nplus1.ru,2017-07-17,Клад повседневности,,Юлия Штутина,_Археология_Раскопки_,
0,nplus1.ru/material/2017/07/19/losangeles-sanfrancisco,nplus1.ru,2017-07-19,Гудение большого города,,Дмитрий Иванов,_Партнерский материал_Великое расхождение_,
0,nplus1.ru/material/2017/07/20/gorundeffect,nplus1.ru,2017-07-20,Снова на экране,,Василий Сычев,_Транспорт_Оружие_,
0,nplus1.ru/material/2017/07/25/richard-davidson-meditation,nplus1.ru,2017-07-25,«Медитация — не магия вуду»,,Елизавета Ивтушок,_Психология_Биология_,
0,nplus1.ru/material/2017/07/26/north-south-vietnam,nplus1.ru,2017-07-26,Капитализм семнадцатой параллели,,Дмитрий Иванов,_Партнерский материал_Великое расхождение_,
0,nplus1.ru/material/2017/07/27/sharkweekdiscovery,nplus1.ru,2017-07-27,Рыба без костей,,Дмитрий Иванов,_Биология_Бестиарий_,
0,nplus1.ru/material/2017/07/28/protonpuzzle,nplus1.ru,2017-07-28,Щель в доспехах,,Марат Хамадеев,_Физика_,
0,nplus1.ru/material/2017/07/31/schizogenesparttwo,nplus1.ru,2017-07-31,Безумие в наследство — 2,,Александр Ершов,_Наука_,
0,nplus1.ru/material/2017/08/17/astroaugust,nplus1.ru,2017-08-17,В ожидании затмения,,Кирилл дизайнер,_Астрономия_Астрофотография_,
0,nplus1.ru/material/2017/08/01/fashion-color,nplus1.ru,2017-08-01,"Белый верх, черный низ",,Дмитрий Иванов,_Психология_Модная наука_,
0,nplus1.ru/material/2017/08/02/mastergrb,nplus1.ru,2017-08-02,МАСТЕР быстрого реагирования,,Марат Мусин,_Астрономия_,
0,nplus1.ru/material/2017/08/03/three-baltic-sea-ports,nplus1.ru,2017-08-03,Вольные и невольные города Балтии,,Дмитрий Иванов,_Партнерский материал_Великое расхождение_,
0,nplus1.ru/material/2017/08/07/mycenaean-minoas,nplus1.ru,2017-08-07,Первоплеменные народы,,Юлия Штутина,_Археология_,
0,nplus1.ru/material/2017/08/08/aviation,nplus1.ru,2017-08-08,Зенитки к бою,,Василий Сычев,_Оружие_Авиация_Игра престолов_,
0,nplus1.ru/material/2017/08/10/russia-japan-modernization,nplus1.ru,2017-08-10,Маленькая победоносная модернизация,,Дмитрий Иванов,_Партнерский материал_Великое расхождение_,
0,nplus1.ru/material/2017/08/11/happiness-different-people,nplus1.ru,2017-08-11,Счастье для всех,,Дмитрий Иванов,_Психология_,
0,nplus1.ru/material/2017/08/14/electronics-on-skin,nplus1.ru,2017-08-14,Электронная кожа,,Григорий Копиев,_Гаджеты_Материалы_,
0,nplus1.ru/material/2017/08/15/saving-archaelogy,nplus1.ru,2017-08-15,Из хазар в греки,,Дмитрий Иванов,_Археология_,
0,nplus1.ru/material/2017/08/16/missiles,nplus1.ru,2017-08-16,Страна восходящего апокалипсиса,,Василий Сычев,_Оружие_,
0,nplus1.ru/material/2017/08/21/totality,nplus1.ru,2017-08-21,Полное затмение,,Марат Мусин,_Астрономия_,
0,nplus1.ru/material/2017/08/21/when-the-lights-go-out,nplus1.ru,2017-08-21,Конец света в отдельно взятой стране,,Кристина Уласович,_Психология_Астрономия_,
0,nplus1.ru/material/2017/08/22/suneclipse,nplus1.ru,2017-08-22,Границы тени,,Кирилл дизайнер,_Астрономия_Красота_,
0,nplus1.ru/material/2017/08/23/ussr-japan-1945,nplus1.ru,2017-08-23,Десант на Хоккайдо,,Дмитрий Иванов,_История_,
0,nplus1.ru/material/2017/08/24/hunley,nplus1.ru,2017-08-24,Подводные жертвы гражданской войны,,Василий Сычев,_Оружие_Археология_История_,
0,nplus1.ru/material/2017/08/25/concerning-hobbits-mortgage,nplus1.ru,2017-08-25,Ипотека в Шире,,Артем Ефимов,_Партнерский материал_Внемировая экономика_,
0,nplus1.ru/material/2017/08/28/anthropology-of-diet,nplus1.ru,2017-08-28,"Скажи мне, что ты ешь",,Дмитрий Иванов,_Антропология_,
0,nplus1.ru/material/2017/08/30/transmitting-happiness,nplus1.ru,2017-08-30,Биохимия счастья,,Елизавета Ивтушок,_Психология_,
0,nplus1.ru/material/2017/08/31/kenya,nplus1.ru,2017-08-31,"Нас — тьмы, и тьмы, и тьмы",,Кирилл дизайнер,_Биология_Бестиарий_,
0,nplus1.ru/material/2017/09/01/a-game-of-physics,nplus1.ru,2017-09-01,Сколько колдовать в граммах?,,Дмитрий Иванов,_Физика_Мезонин_Игра престолов_,
0,nplus1.ru/material/2017/09/05/voyager-1-40years,nplus1.ru,2017-09-05,3 760 000 тысяч лье над водой,,Кристина Уласович,_Астрономия_,
0,nplus1.ru/material/2017/09/06/alfagame,nplus1.ru,2017-09-06,Программисты ищут пару,,Андрей Коняев,_Партнерский материал_IT_,
0,nplus1.ru/material/2017/09/07/drone-artist,nplus1.ru,2017-09-07,Без помощи рук,,Дмитрий Иванов,_Роботы и дроны_IT_Красота_,
0,nplus1.ru/material/2017/09/08/got-solution,nplus1.ru,2017-09-08,Сферический дракон в вакууме,,Тарас Молотилин,_Физика_Мезонин_Игра престолов_,
0,nplus1.ru/material/2017/09/09/sun-flares,nplus1.ru,2017-09-09,«Ученые вспышек не боятся»,,Дмитрий Иванов,_Астрономия_,
0,nplus1.ru/material/2017/09/13/Dangerous-but-beautiful,nplus1.ru,2017-09-13,Парад отравителей,,Екатерина Русакова,_Биология_Бестиарий_,
0,nplus1.ru/material/2017/09/14/yandex-machine-translation,nplus1.ru,2017-09-14,«Мы научили машину выбирать лучший вариант»,,Елизавета Ивтушок,_IT_Лингвистика_,
0,nplus1.ru/material/2017/09/15/cassinis-grand-finale,nplus1.ru,2017-09-15,Большой финал «Кассини»,,Владимир Королев,_Космонавтика_Астрономия_,
0,nplus1.ru/material/2017/09/18/woman-viking-questions,nplus1.ru,2017-09-18,Есть и другие у дев заботы,,Дмитрий Иванов,_Археология_Раскопки_,
0,nplus1.ru/material/2017/09/20/collision,nplus1.ru,2017-09-20,Дрон навылет,,Василий Сычев,_Авиация_Роботы и дроны_,
0,nplus1.ru/material/2017/09/25/vladimir-levenshtein,nplus1.ru,2017-09-25,Код без ошибок,,Дмитрий Иванов,_Математика_Памяти ученого_,
0,nplus1.ru/material/2017/09/26/ASTRO2017RMG,nplus1.ru,2017-09-26,Охотники за звездами,,Кирилл дизайнер,_Астрономия_Красота_,
0,nplus1.ru/material/2017/10/19/nikon-small-world-2017,nplus1.ru,2017-10-19,Маленькая жизнь,,Кирилл дизайнер,_Биология_Красота_,
0,nplus1.ru/material/2017/10/03/intellect-contest-chess,nplus1.ru,2017-10-03,Квадратура шахматной доски,,Дмитрий Иванов,_Партнерский материал_Математика_КСИ_,
0,nplus1.ru/material/2017/10/03/nobel-around-the-clock,nplus1.ru,2017-10-03,Ход часов лишь однозвучный,,Дарья Спасская,_Биология_Нобелевская премия_,
0,nplus1.ru/material/2017/10/04/jubilee-sputnik,nplus1.ru,2017-10-04,«Тот маленький огонек»,,Дмитрий Иванов,_Космонавтика_,
0,nplus1.ru/material/2017/10/04/ligo-nobel-prize,nplus1.ru,2017-10-04,Тоньше протона,,Владимир Королев,_Физика_Нобелевская премия_,
0,nplus1.ru/material/2017/10/06/kazuo-ishiguro,nplus1.ru,2017-10-06,Честная литература,,Дмитрий Иванов,_Нобелевская премия_,
0,nplus1.ru/material/2017/10/07/iss-transit,nplus1.ru,2017-10-07,Прекрасное далеко,,Кристина Уласович,_Астрономия_Астрофотография_,
0,nplus1.ru/material/2017/10/09/jupiter-pressure,nplus1.ru,2017-10-09,Путешествие к центру Земли,,Владимир Королев,_Партнерский материал_Физика_«Это фантастика»_,
0,nplus1.ru/material/2017/10/09/thisisfantasy,nplus1.ru,2017-10-09,«Это фантастика»,,Дмитрий Иванов,_Партнерский материал_Материалы_«Это фантастика»_,
0,nplus1.ru/material/2017/10/10/economics-nobel-2017,nplus1.ru,2017-10-10,Наименее рационально,,Елизавета Ивтушок,_Психология_Нобелевская премия_,
0,nplus1.ru/material/2017/10/10/intellect-contest-grandma,nplus1.ru,2017-10-10,Как навестить бабушку?,,Дмитрий Иванов,_Партнерский материал_Физика_КСИ_,
0,nplus1.ru/material/2017/10/10/magic-and-science,nplus1.ru,2017-10-10,Вечно актуальные,,Дмитрий Иванов,_Антропология_Психология_,
0,nplus1.ru/material/2017/10/11/cryoEM,nplus1.ru,2017-10-11,Тени во льду,,Владимир Королев,_Биология_Химия_Нобелевская премия_,
0,nplus1.ru/material/2017/10/11/vyachvsevivanov,nplus1.ru,2017-10-11,Последний индоевропеец,,Дмитрий Иванов,_Лингвистика_Антропология_Памяти ученого_,
0,nplus1.ru/material/2017/10/13/announce-conferences-on-monday,nplus1.ru,2017-10-13,Что там у астрофизиков,,Дмитрий Иванов,_Астрономия_Физика_,
0,nplus1.ru/material/2017/10/13/luwian-inscription,nplus1.ru,2017-10-13,Как подковать троянского коня,,Дмитрий Иванов,_История_Археология_Языкознание_,
0,nplus1.ru/material/2017/10/17/intellect-contest-robot,nplus1.ru,2017-10-17,Как открыть сейф под водой?,,Дмитрий Иванов,_Партнерский материал_Роботы и дроны_КСИ_,
0,nplus1.ru/material/2017/10/17/neutronic-gold,nplus1.ru,2017-10-17,Рождение золота,,Владимир Королев,_Астрономия_Физика_Физики смогли_,
0,nplus1.ru/material/2017/10/20/mems-and-culture,nplus1.ru,2017-10-20,Котики и революция,,Дмитрий Иванов,_Антропология_Психология_Занимательная мемология_,
0,nplus1.ru/material/2017/10/23/alfagame2,nplus1.ru,2017-10-23,Из кода строчки не выкинешь,,Егор Горшков,_Партнерский материал_IT_,
0,nplus1.ru/material/2017/10/23/carbon-atom,nplus1.ru,2017-10-23,Семь обличий углерода,,Владимир Королев,_Партнерский материал_Химия_,
0,nplus1.ru/material/2017/10/23/IIIbody,nplus1.ru,2017-10-23,Третий не лишний,,Дмитрий Трунин,_Математика_,
0,nplus1.ru/material/2017/10/24/supermechanisms,nplus1.ru,2017-10-24,Ниже критической температуры,,Екатерина Козлякова,_Физика_Физики смогли_,
0,nplus1.ru/material/2017/10/25/cern-yandex,nplus1.ru,2017-10-25,Рудник нолей и единиц,,Александр Ершов,_IT_Физика_Второй сезон Коллайдера_,
0,nplus1.ru/material/2017/10/26/thouria-theatre,nplus1.ru,2017-10-26,Машина для Мельпомены,,Юлия Штутина,_Археология_История_Раскопки_,
0,nplus1.ru/material/2017/10/27/quantum-limit,nplus1.ru,2017-10-27,Далеко ли до предела?,,Илья Ферапонтов,_Физика_,
0,nplus1.ru/material/2017/10/30/zaliznyak-lecture,nplus1.ru,2017-10-30,«А на ме се не жальте»,,Дмитрий Иванов,_Лингвистика_История_Раскопки_,
0,nplus1.ru/material/2017/10/31/500-years-of-reformation,nplus1.ru,2017-10-31,На том стою и не могу иначе,,Юлия Штутина,_История_День в истории науки_,
0,nplus1.ru/material/2017/10/31/dark-matter-interview,nplus1.ru,2017-10-31,Невидимый цемент Вселенной,,Илья Ферапонтов,_Физика_Астрономия_,
0,nplus1.ru/material/2017/11/01/google-music-composer,nplus1.ru,2017-11-01,«Самая человеческая задача»,,Дмитрий Иванов,_IT_,
0,nplus1.ru/material/2017/11/02/cap-of-darkness,nplus1.ru,2017-11-02,Анатомия шапки-невидимки,,Владимир Королев,_Партнерский материал_Физика_«Это фантастика»_,
0,nplus1.ru/material/2017/11/02/ideology-video-games,nplus1.ru,2017-11-02,Тихая идеология,,Дмитрий Иванов,_Социология_Антропология_,
0,nplus1.ru/material/2017/11/04/cheops,nplus1.ru,2017-11-04,Разгрузочная камера фараона,,Кристина Уласович,_Археология_История_Раскопки_,
0,nplus1.ru/material/2017/11/04/lzos-photo,nplus1.ru,2017-11-04,Путешествие в зазеркалье,,Владимир Королев,_Астрономия_Материалы_,
0,nplus1.ru/material/2017/11/08/areyouapro,nplus1.ru,2017-11-08,Из чего же сделаны наши нейтроны,,Николай Воронцов,_Партнерский материал_,
0,nplus1.ru/material/2017/11/08/flightschool,nplus1.ru,2017-11-08,"Облака летят, как гуси",,Василий Сычев,_Авиация_,
0,nplus1.ru/material/2017/11/09/space-chemistry,nplus1.ru,2017-11-09,Космическая химия,,Дмитрий Трунин,_Партнерский материал_Астрономия_,
0,nplus1.ru/material/2017/11/10/warrior-from-pylos,nplus1.ru,2017-11-10,Печать воина,,Юлия Штутина,_Археология_Раскопки_,
0,nplus1.ru/material/2017/11/13/the-best-in-humanities-2007,nplus1.ru,2017-11-13,Народный «гуманитарий»,,Дмитрий Иванов,_Премия «Просветитель»_,
0,nplus1.ru/material/2017/11/13/the-best-in-science-2007,nplus1.ru,2017-11-13,Народный «естественник»,,Дмитрий Иванов,_Премия «Просветитель»_,
0,nplus1.ru/material/2017/11/14/intellect-contest-test,nplus1.ru,2017-11-14,Как сосчитать химиков и алхимиков,,Егор Горшков,_Партнерский материал_КСИ_,
0,nplus1.ru/material/2017/11/17/epidermolysis-bullosa,nplus1.ru,2017-11-17,Новая кожа для «бабочки»,,Анна Казнадзей,_Медицина_Биология_,
0,nplus1.ru/material/2017/11/20/smart-dating,nplus1.ru,2017-11-20,"По уму, по разуму",,Кристина Уласович,_Мезонин_,
0,nplus1.ru/material/2017/11/22/ruthenium-southern-urals,nplus1.ru,2017-11-22,Откуда рутений?,,Илья Ферапонтов,_Химия_Экология и климат_Давайте разберемся_,
0,nplus1.ru/material/2017/11/23/bio-materials,nplus1.ru,2017-11-23,А вместо сердца — пламенный мотор,,Александр Ершов,_Партнерский материал_Материалы_«Это фантастика»_,
